ERRO,COMANDO,NOMECAT,IDPRODUTO,CODPROD,NOMEPROD,PESO,DESCRICAO,DESCRLONGA,DESCRURL,URLTARGET,ESTOQUE,ESTOQUEMINIMO,DISPONIVEL,ICMS,CUSTO,PRECO,PRECOPROM,PRECOB2B,PRECOB2BPROM,DATAPROMINICIO,DATAPROMFIM,LANCAMENTO,EMDESTAQUE,IMAGEMPROD,IMAGEMDET,IMAGEMAMP,ADICIONAL1,ADICIONAL2,ADICIONAL3,ADICIONALD1,ADICIONALD2,ADICIONALD3,CORES,ORDEMPROD,IDPRODUTOPAI,RAMOPROD,MAISPROD,DATAVENCIMENTO,DIASAVISOVENCIMENTO,DIASREPOSICAO,IDPARCEIROPROD,MAXPARCELASPROD
"IDProduto não encontrado","A","Massageadores",0,"AC018","Anel Peniano Massageador Mega Stretchy",0,2,"Fácil ajuste. Estimula a vulva e o clitoris e simultaneamente auxilia o homem a prolongar a ereção e a retardar a ejaculação.","O Anel Mega Strech é surpermacio e flexível em silicone de alta qualidade. Ajusta facilmente a qualquer tamanho peniano. Instalado na base do pênis ou em um vibrador, estimula a vulva e o clitoris e simultaneamente auxilia o homem a prolongar a ereção e a retardar a ejaculação.não podem ser utilizados por mais de 30 minutos corridos pois podem prejudicar o pênis. Cuidados: Lavar antes e após o manuseio com água e sabão neutro.

Não compartilhe deste produto com outros parceiros. Material: Silicone

Embalagem: Blister PET
","AC018Anel Peniano Massageador Mega Stretchy.html",False,1,0,True,0,20,83,43,74,0,0,0,"","",False,False,"AC018.jpg","","","","","","","","","",0,"",0,"","",0,0,"",0
"IDProduto não encontrado","A","Massageadores",0,"AC040A","Anel Peniano Massageador Mega Stretchy",0,2,"Feito em puro silicone. Com seu desenho moderno excita lábios vaginais, clitoris e ânus.","Este anel peniano feito em puro silicone, material super elástico e flexível, veste em qualquer tamanho de pênis. Com moderno desenho possui um relevo de pequenas cerdas que, quando colocado na base de um pênis ou vibrador, durante a relação, excita ao mesmo tempo, lábios vaginais e clitóris. Anéis

Os anéis penianos colocados na base do pênis ou no vibrador personal e, com variados relevos, tem a função múltipla de massagear a parceira durante a penetração, segurar a ereção e retardar a ejaculação.

Os anéis companheiros possuem uma prótese ou um miniplug anal para dupla penetração. Não podem ser utilizados por mais de 30 minutos corridos pois podem prejudicar o pênis.
Dimensões: 35 x 65 x Ø int. 25mm.

Material: Elastômero

Embalagem: Caixa","",False,0,0,True,0,20,83,43,74,0,0,0,"","",False,False,"AC040A.jpg","","","","","","","","","",0,"",0,"","",0,0,"",0
"IDProduto não encontrado","A","Massageadores",0,"AC040T","Anel Peniano Massageador Mega Stretchy",0,2,"Feito em puro silicone. Com seu desenho moderno excita lábios vaginais, clitoris e ânus.","Este anel peniano feito em puro silicone, material super elástico e flexível, veste em qualquer tamanho de pênis. Com moderno desenho possui um relevo de pequenas cerdas que, quando colocado na base de um pênis ou vibrador, durante a relação, excita ao mesmo tempo, lábios vaginais e clitóris. Anéis

Os anéis penianos colocados na base do pênis ou no vibrador personal e, com variados relevos, tem a função múltipla de massagear a parceira durante a penetração, segurar a ereção e retardar a ejaculação.

Os anéis companheiros possuem uma prótese ou um miniplug anal para dupla penetração. Não podem ser utilizados por mais de 30 minutos corridos pois podem prejudicar o pênis.
Dimensões: 35 x 65 x Ø int. 25mm.

Material: Elastômero

Embalagem: Caixa","",False,0,0,True,0,20,83,43,74,0,0,0,"","",False,False,"AC040T.jpg","","","","","","","","","",0,"",0,"","",0,0,"",0
"IDProduto não encontrado","A","Massageadores",0,"SHE01","Anel Massageador She'Agra.",0,2,"Estimulador Feminino com lubrificante. Forma de dedeira. Contém exturas que maximizam a estimulação, a lubrificação e o orgasmo feminino durante a masturbação ou ato sexual.","","",False,1,0,True,0,24,64,51,74,0,0,0,"","",False,False,"SHE01.jpg","","","","","","","","","",0,"",0,"","",0,0,"",0
"IDProduto não encontrado","A","Massageadores",0,"HZ608PK","Massageador Peridell",0,2,"Massageador Peridell Verde","Massageador Peridell Verde.

Massageador terapêutico para a região perineal.

Benefícios
Trata a incontinência urinária e fecal.
Melhora a prisão de ventre (constipação)
Atua na sustentação dos orgãos pélvicos.
Contribui para a sexualidade masculina e feminina.

4 em 1
Unissex

Contém 01 massageador, 02 pilhas, 4 ponteiras intercambiáveis e 01 manual de instruções.

Medidas
Massageador: 12,5 x 2,8 cm
Ponteira reta: 3,5 x 2,8 cm
Ponteira pontiaguda: 5,2 x 2,8 cm
Ponteira curva: 5,1 x 2,8 cm
Ponteira redonda: 4,2 x 2,8 cm


","",False,0,0,True,0,24,64,51,74,0,0,0,"","",False,False,"HZ608PK.jpg","","","","","","","","","",0,"",0,"","",0,0,"",0
"IDProduto não encontrado","A","Massageadores",0,"HZ608V","Massageador Peridell",0,2,"Massageador Peridell Pink","Massageador Peridell Pink.

Massageador terapêutico para a região perineal.

Benefícios
Trata a incontinência urinária e fecal.
Melhora a prisão de ventre (constipação)
Atua na sustentação dos orgãos pélvicos.
Contribui para a sexualidade masculina e feminina.

4 em 1
Unissex

Contém 01 massageador, 02 pilhas, 4 ponteiras intercambiáveis e 01 manual de instruções.

Medidas
Massageador: 12,5 x 2,8 cm
Ponteira reta: 3,5 x 2,8 cm
Ponteira pontiaguda: 5,2 x 2,8 cm
Ponteira curva: 5,1 x 2,8 cm
Ponteira redonda: 4,2 x 2,8 cm


","",False,0,0,True,0,24,64,51,74,0,0,0,"","",False,False,"HZ608V.jpg","","","","","","","","","",0,"",0,"","",0,0,"",0
"IDProduto não encontrado","A","Plugs",0,"DOM008","Plug Com Vibro",0,2,"Plug P-Spot com vibro","P3 - PLUG P.SPOT COM VIBRO (DOM008)

O P3 é um massageador para próstata (P-SPOT) com vibrador interno à prova d´água, feito de silicone de alta qualidade, macio, flexível, com formato sofisticado. A ponta é levemente curvada para melhor estimulação do ponto P, o equivalente no homem ao ponto G feminino. Sua base quandoutilizado sem o vibrador pode ser fixada por sucção em superfícies lisas.

Modo de Usar: Abra a caixa, retire o produto, abra o compartimento de baterias e retire o plástico de proteção do contato. Feche a tampa, aperte o botão na base para ligar e desligar. Use no local desejado para estimulação corporal. Higienize antes e após o uso com sabonete antibacteriano, tomando cuidado para não molhar o compartimento de pilhas, e seque com uma toalha de papel.

Restrições de uso:
- Pessoas alérgicas aos componentes da matéria-prima não devem usar o produto.
- Não use o produto em regiões com inflamações, inchaços ou lacerações.
- Produto erótico sem indicação de uso de saúde.
- Vendido apena","",False,0,0,True,0,22,29,46,81,0,0,0,"","",False,False,"DOM008.jpg","","","","","","","","","",0,"",0,"","",0,0,"",0
"IDProduto não encontrado","A","Plugs",0,"DOM011","Plug Pompoar Anal",0,2,"Plug pompoar anal","P4 - PLUG POMPOAR ANAL (DOM011)

O P4 é um massageador para próstata feito com material soft touch de toque suave, que
tornaseu uso extremamente agradável. Sua ponta em formato cônico possui em seu interior um peso para pompoarismoassim como as bolinhas Ben-Wa, muito útil para exercícios anais. Sua base foi minuciosamente desenvolvida para facilitar o manuseio.

Modo de Usar: Abra a caixa, retire o produto e selecione o local desejado para estimulação corporal. Higienize antes e após o uso com água e sabonete antibacteriano, seque com uma toalha de papel.

Restrições de uso:
- Pessoas alérgicas aos componentes da matéria-prima não devem usar o produto.
- Não use o produto em regiões com inflamações, inchaços ou lacerações.
- Produto erótico sem indicação de uso de saúde.
- Vendido apenas como produto para estimulação sexual.
- Não nos responsabilizamos pelo mau uso do produto.



CONTÉM: Um plug P4
COMPOSIÇÃO: ABS
VALIDADE: Indeterminada","",False,1,0,True,0,34,5,72,45,0,0,0,"","",False,False,"DOM011.jpg","","","","","","","","","",0,"",0,"","",0,0,"",0
"IDProduto não encontrado","A","Plugs",0,"PLUG02","Plug Arvore de Natal",0,2,"Plug Anal Árvore de Natal,13,5 x 4,5 Cm","O P3 é um massageador para próstata (P-SPOT) com vibrador interno à prova d´água, feito de silicone de alta qualidade, macio, flexível, com formato sofisticado. A ponta é levemente curvada para melhor estimulação do ponto P, o equivalente no homem ao ponto G feminino. Sua base quandoutilizado sem o vibrador pode ser fixada por sucção em superfícies lisas.","",False,1,0,True,0,34,5,72,45,0,0,0,"","",False,False,"PLUG02.jpg","","","","","","","","","",0,"",0,"","",0,0,"",0
"IDProduto não encontrado","A","Plugs",0,"PLUG02P","Plug Arvore de Natal",0,2,"Plug Anal Árvore de Natal,13,5 x 4,5 Cm","Plug Árvore de Natal - Ref: PLUG02P

O Plug em forma de árvore de natal possui três estágios de diferentes diâmetros para penetração vaginal ou anal. O diferencial deste plug está em seu relevo inovador, pois promove diferentes prazeres quando introduzido e quando retirado de acordo com a perfomance da musculatura vaginal ou anal. Em PVC atóxico de fácil higienização, tem 13,5 cm de comprimento, chegando a 4,5 cm de diâmetro. A base, mais larga que o corpo, permite melhor manuseio e maior segurança.

PLUGS

Em 29 formatos diferentes, multiplicados por várias cores, os plugs oferecidos pela Adão e Eva foram desenvolvidos para explorar novos prazeres sensuais. O plug pode oferecer dois usos bem interessantes. É bem útil para os iniciantes na estimulação com penetração tanto vaginal como anal, pois aos poucos e sem exageros pode-se acostumar ao brinquedo com sua performance segura e bem exploradora. Alguns terapeutas sexuais já indicam o uso dos plugs em tratamentos para mulheres com restrições à penetraçã","",False,1,0,True,0,15,57,32,7,0,0,0,"","",False,False,"PLUG02P.jpg","","","","","","","","","",0,"",0,"","",0,0,"",0
"IDProduto não encontrado","A","Plugs",0,"PLUG03","Plug Bi Fase",0,2,"Plug Anal Bi-Fase,13 x 2,5 Cm","Plug Anal bi-fase - Ref: PLUG03

O Plug bi-fase tem uma esfera na ponta para uma estimulação preliminar à penetração vaginal ou anal. No corpo de 13 cm de comprimento e 2,5 cm de diâmetro ainda possui mais dois estágios de penetração que promovem diferentes prazeres quando introduzido e quando retirado de acordo com a perfomance da musculatura vaginal ou anal. Em PVC atóxico de fácil higienização, tem a base mais larga que o corpo, permitindo melhor manuseio e maior segurança.

PLUGS

Em 29 formatos diferentes, multiplicados por várias cores, os plugs oferecidos pela Adão e Eva foram desenvolvidos para explorar novos prazeres sensuais. O plug pode oferecer dois usos bem interessantes. É bem útil para os iniciantes na estimulação com penetração tanto vaginal como anal, pois aos poucos e sem exageros pode-se acostumar ao brinquedo com sua performance segura e bem exploradora. Alguns terapeutas sexuais já indicam o uso dos plugs em tratamentos para mulheres com restrições à penetração como exercício.

Cu","",False,1,0,True,0,14,29,4,0,0,0,"","",False,False,"PLUG03.jpg","","","","","","","","","",0,"",0,"","",0,0,"",0
"IDProduto não encontrado","A","Plugs",0,"PLUG03P","Plug Bi Fase",0,2,"Plug Anal Bi-Fase,13 x 2,5 Cm","Plug Anal bi-fase - Ref: PLUG03

O Plug bi-fase tem uma esfera na ponta para uma estimulação preliminar à penetração vaginal ou anal. No corpo de 13 cm de comprimento e 2,5 cm de diâmetro ainda possui mais dois estágios de penetração que promovem diferentes prazeres quando introduzido e quando retirado de acordo com a perfomance da musculatura vaginal ou anal. Em PVC atóxico de fácil higienização, tem a base mais larga que o corpo, permitindo melhor manuseio e maior segurança.

PLUGS

Em 29 formatos diferentes, multiplicados por várias cores, os plugs oferecidos pela Adão e Eva foram desenvolvidos para explorar novos prazeres sensuais. O plug pode oferecer dois usos bem interessantes. É bem útil para os iniciantes na estimulação com penetração tanto vaginal como anal, pois aos poucos e sem exageros pode-se acostumar ao brinquedo com sua performance segura e bem exploradora. Alguns terapeutas sexuais já indicam o uso dos plugs em tratamentos para mulheres com restrições à penetração como exercício.

Cu","",False,1,0,True,0,11,42,23,98,0,0,0,"","",False,False,"PLUG03P.jpg","","","","","","","","","",0,"",0,"","",0,0,"",0
"IDProduto não encontrado","A","Plugs",0,"PLUG09","Plug Anal Básico",0,2,"Plug Anal Básico,12,5 x 3,5 Cm","Plug Anal básico - Ref: PLUG09P

Plug para penetração vaginal ou anal, em PVC atóxico de fácil higienização em formato de cone 12,5 cm de comprimento e 3,5 cm de diâmetro. A base, mais larga que o corpo, permite melhor manuseio e maior segurança.

PLUGS

Em 29 formatos diferentes, multiplicados por várias cores, os plugs oferecidos pela Adão e Eva foram desenvolvidos para explorar novos prazeres sensuais. O plug pode oferecer dois usos bem interessantes. É bem útil para os iniciantes na estimulação com penetração tanto vaginal como anal, pois aos poucos e sem exageros pode-se acostumar ao brinquedo com sua performance segura e bem exploradora. Alguns terapeutas sexuais já indicam o uso dos plugs em tratamentos para mulheres com restrições à penetração como exercício.

Cuidados: Lavar antes e após o manuseio com água e sabão neutro ou Higienize com Toy Cleaner, produto exclusivo Adão e Eva.

Não compartilhe deste produto com outros parceiros.

Tamanho: 12,5 x 3,5 cm

Material: PVC Atóxico

Emba","",False,1,0,True,0,7,28,15,29,0,0,0,"","",False,False,"PLUG09.jpg","","","","","","","","","",0,"",0,"","",0,0,"",0
"IDProduto não encontrado","A","Plugs",0,"PLUG09P","Plug Anal Básico",0,2,"Plug Anal Básico,12,5 x 3,5 Cm","Plug Anal básico - Ref: PLUG09P

Plug para penetração vaginal ou anal, em PVC atóxico de fácil higienização em formato de cone 12,5 cm de comprimento e 3,5 cm de diâmetro. A base, mais larga que o corpo, permite melhor manuseio e maior segurança.

PLUGS

Em 29 formatos diferentes, multiplicados por várias cores, os plugs oferecidos pela Adão e Eva foram desenvolvidos para explorar novos prazeres sensuais. O plug pode oferecer dois usos bem interessantes. É bem útil para os iniciantes na estimulação com penetração tanto vaginal como anal, pois aos poucos e sem exageros pode-se acostumar ao brinquedo com sua performance segura e bem exploradora. Alguns terapeutas sexuais já indicam o uso dos plugs em tratamentos para mulheres com restrições à penetração como exercício.

Cuidados: Lavar antes e após o manuseio com água e sabão neutro ou Higienize com Toy Cleaner, produto exclusivo Adão e Eva.

Não compartilhe deste produto com outros parceiros.

Tamanho: 12,5 x 3,5 cm

Material: PVC Atóxico

Emba","",False,0,0,True,0,7,28,15,29,0,0,0,"","",False,False,"PLUG09P.jpg","","","","","","","","","",0,"",0,"","",0,0,"",0
"IDProduto não encontrado","A","Plugs",0,"PLUG12P","Plug Anal Iniciante",0,2,"Mini Plug Anal Iniciante,9,5 x 2,5 Cm","Mini Plug Anal Iniciante,9,5 x 2,5 cm","",False,0,0,True,0,7,28,15,29,0,0,0,"","",False,False,"PLUG12P.jpg","","","","","","","","","",0,"",0,"","",0,0,"",0
"IDProduto não encontrado","A","Plugs",0,"PLUG13","Mini Plug",0,2,"Mini Plug Franboesa com cravinhos, 7,5 x 3,5 Cm côr Preto","Mini plug framboesa - PLUG13

Plug para penetração vaginal ou anal, em PVC atóxico de fácil higiene. A forma e a textura de framboesa 7,5 cm de comprimento e 3,5 cm de diâmetro promove novas formas de contato durante a penetração e diferentes sensações. A base mais larga que o corpo garante segurança. PLUGS

Em 29 formatos diferentes, multiplicados por várias cores, os plugs oferecidos pela Adão e Eva foram desenvolvidos para explorar novos prazeres sensuais. O plug pode oferecer dois usos bem interessantes. É bem útil para os iniciantes na estimulação com penetração tanto vaginal como anal, pois aos poucos e sem exageros pode-se acostumar ao brinquedo com sua performance segura e bem exploradora. Alguns terapeutas sexuais já indicam o uso dos plugs em tratamentos para mulheres com restrições à penetração como exercício.

Cuidados: Lavar antes e após o manuseio com água e sabão neutro.

Não compartilhe deste produto com outros parceiros.

Tamanho: 7,5 x 3,5 cm

Material: PVC flexível

Embalagem:","",False,1,0,True,0,7,28,15,29,0,0,0,"","",False,False,"PLUG13.jpg","","","","","","","","","",0,"",0,"","",0,0,"",0
"IDProduto não encontrado","A","Plugs",0,"PLUG13P","Mini Plug",0,2,"Mini Plug Franboesa com cravinhos, 7,5 x 3,5 Cm côr da Pele","Mini plug framboesa - PLUG13

Plug para penetração vaginal ou anal, em PVC atóxico de fácil higiene. A forma e a textura de framboesa 7,5 cm de comprimento e 3,5 cm de diâmetro promove novas formas de contato durante a penetração e diferentes sensações. A base mais larga que o corpo garante segurança. PLUGS

Em 29 formatos diferentes, multiplicados por várias cores, os plugs oferecidos pela Adão e Eva foram desenvolvidos para explorar novos prazeres sensuais. O plug pode oferecer dois usos bem interessantes. É bem útil para os iniciantes na estimulação com penetração tanto vaginal como anal, pois aos poucos e sem exageros pode-se acostumar ao brinquedo com sua performance segura e bem exploradora. Alguns terapeutas sexuais já indicam o uso dos plugs em tratamentos para mulheres com restrições à penetração como exercício.

Cuidados: Lavar antes e após o manuseio com água e sabão neutro.

Não compartilhe deste produto com outros parceiros.

Tamanho: 7,5 x 3,5 cm

Material: PVC flexível

Embalagem:","",False,1,0,True,0,6,63,13,92,0,0,0,"","",False,False,"PLUG13P.jpg","","","","","","","","","",0,"",0,"","",0,0,"",0
"IDProduto não encontrado","A","Plugs",0,"AC012","Mini Plug",0,2,"Mini Plug - varias Côres","Mini Plug - Ref: AC012

Plug para penetração vaginal ou anal. Menor e mais fino plug em elastômero macio e flexível para penetração vaginal ou anal dísponivel nas cores: azul, vermelho e transparente. A base mais larga oferece maior segurança. PLUGS

Em 29 formatos diferentes, multiplicados por várias cores, os plugs oferecidos pela Adão e Eva foram desenvolvidos para explorar novos prazeres sensuais. O plug pode oferecer dois usos bem interessantes. É bem útil para os iniciantes na estimulação com penetração tanto vaginal como anal, pois aos poucos e sem exageros pode-se acostumar ao brinquedo com sua performance segura e bem exploradora. Alguns terapeutas sexuais já indicam o uso dos plugs em tratamentos para mulheres com restrições à penetração como exercício. Tamanho: 8 x 2cm

Cor: Diversas

Material: Elastômero

Embalagem: Blister PP
","",False,1,0,True,0,7,53,15,81,0,0,0,"","",False,False,"AC012.jpg","","","","","","","","","",0,"",0,"","",0,0,"",0
"IDProduto não encontrado","A","Plugs",0,"CFA07","Plug Anal - Cinquenta Formas de Amar",0,2,"Plug Anal - Cinquenta Formas de Amar","CINQUENTA FORMAS DE AMAR - Plug Anal

Alguns fetiches inspiram magia e dominação. Prepare-se para descobrir 50 Formas de Amar, com itens que abusam do seu imaginário e realizam suas fantasias mais obscuras. Explore aventuras proibidas, encontros apimentados e submissões que vão arrancar gemidos de prazer.Entre-se a este desejo desconhecido, mas muito excitante.

Plug Anal

Esse plug foi feito para atender seus fetiches de penetração. Use com seu parceiro para complementar o prazer que vocês têm a dois. VocÊpode ainda praticar sua musculatura vaginal e anal e aprender a dominar durante a relação.

Restrições de Uso:

- Produto erótico sem indicação de uso em saúde. Vendido apenas como produto para estimulação sexual.

- Antes de utilizar consulte o seu médico ginecologista. Não nos responsabilizamos pelo mau uso do produto.

- Pessoas alérgicas não devem usar o produto. Não use o produto em regiões com inflamações, inchaços ou lacerações.

Contem: Um plug Anal 14,5x5cm

Composição: Elastômero","",False,1,0,True,0,6,36,13,36,0,0,0,"","",False,False,"CFA07.jpg","","","","","","","","","",0,"",0,"","",0,0,"",0
"IDProduto não encontrado","A","Plugs",0,"CFA10","Plug Stick Ball - Cinquenta Formas de Amar",0,2,"Plug Stick Ball - Cinquenta Formas de Amar -","CINQUENTA FORMAS DE AMAR - Plug Stick Ball

Alguns fetiches inspiram magia e dominação. Prepare-se para descobrir 50 Formas de Amar, com itens que abusam do seu imaginário e realizam suas fantasias mais obscuras. Explore aventuras proibidas, encontros apimentados e submissões que vão arrancar gemidos de prazer.Entre-se a este desejo desconhecido, mas muito excitante.

Plug Stick Ball

Pratique a dominação na hora da relação, treinando sua musculatura com esse Plug Stick Ball. Ele oferece uma experiência visual e tátil incrível para penetração. Seis esferas de tamanhos diferentes e graduais só aumentam o desejo na relação a dois.

Restrições de Uso:

- Produto erótico sem indicação de uso em saúde. Vendido apenas como produto para estimulação sexual.

- Antes de utilizar consulte o seu médico ginecologista. Não nos responsabilizamos pelo mau uso do produto.

- Pessoas alérgicas não devem usar o produto. Não use o produto em regiões com inflamações, inchaços ou lacerações.

Contém: Um plug ball ","",False,0,0,True,0,27,89,58,57,0,0,0,"","",False,False,"CFA10.jpg","","","","","","","","","",0,"",0,"","",0,0,"",0
"IDProduto não encontrado","A","Plugs",0,"KT402","Plug Arvore de Natal",0,2,"Plug Anal Árvore de Natal,13,5 x 4,5 Cm na Côr preto","Plug anal torpedo feito em Material atóxico macio e flexível, possui ponta fininha e corpo liso, além de base larga para manuseá-lo e deixar em pé na superfície plana, ideal para iniciantes no sexo anal ou vaginal.

Material: Polivinílico atóxico.

Medida: 15 cm x 3,7 cm na parte mais grossa.(aproximadas)

Modo de usar: Lubrifique antes de usar.

Embalagem: Blister.

Validade: Indetermindado.

Precauções: Lave antes e após o uso com àgua e sabão neutro. Para a satisfação ser completa, utilize sempre o produto com lubrificante e preservativo.

Aviso: Para evitar lesões ou um agravamento de patologias existentes, não utilize este produto em zona inflamada, inchada ou a pele com lacerações. O uso deste produto não supõe nenhuma garantia, nenhum direito a reclamação por motivos médicos.","",False,0,0,True,0,27,89,58,57,0,0,0,"","",False,False,"KT402.jpg","","","","","","","","","",0,"",0,"","",0,0,"",0
"IDProduto não encontrado","A","Plugs",0,"KT402P","Plug Arvore de Natal",0,2,"Plug Anal Árvore de Natal,13,5 x 4,5 Cm na Côr pele","Plug anal torpedo feito em Material atóxico macio e flexível, possui ponta fininha e corpo liso, além de base larga para manuseá-lo e deixar em pé na superfície plana, ideal para iniciantes no sexo anal ou vaginal.

Material: Polivinílico atóxico.

Medida: 15 cm x 3,7 cm na parte mais grossa.(aproximadas)

Modo de usar: Lubrifique antes de usar.

Embalagem: Blister.

Validade: Indetermindado.

Precauções: Lave antes e após o uso com àgua e sabão neutro. Para a satisfação ser completa, utilize sempre o produto com lubrificante e preservativo.

Aviso: Para evitar lesões ou um agravamento de patologias existentes, não utilize este produto em zona inflamada, inchada ou a pele com lacerações. O uso deste produto não supõe nenhuma garantia, nenhum direito a reclamação por motivos médicos.","",False,0,0,True,0,40,21,84,44,0,0,0,"","",False,False,"KT402P.jpg","","","","","","","","","",0,"",0,"","",0,0,"",0
"IDProduto não encontrado","A","Plugs",0,"KT405V","Plug Anal",0,2,"Plug 15,5X4 Cm Côr Vermelho","Plug anal torpedo feito em Material atóxico macio e flexível, possui ponta fininha e corpo liso, além de base larga para manuseá-lo e deixar em pé na superfície plana, ideal para iniciantes no sexo anal ou vaginal.

Material: Polivinílico atóxico.

Medida: 15,5 cm x 4 cm na parte mais grossa.(aproximadas)

Modo de usar: Lubrifique antes de usar.

Embalagem: Blister.

Validade: Indetermindado.

Precauções: Lave antes e após o uso com àgua e sabão neutro. Para a satisfação ser completa, utilize sempre o produto com lubrificante e preservativo.

Aviso: Para evitar lesões ou um agravamento de patologias existentes, não utilize este produto em zona inflamada, inchada ou a pele com lacerações. O uso deste produto não supõe nenhuma garantia, nenhum direito a reclamação por motivos médicos.","",False,0,0,True,0,40,21,84,44,0,0,0,"","",False,False,"KT405V.jpg","","","","","","","","","",0,"",0,"","",0,0,"",0
"IDProduto não encontrado","A","Plugs",0,"KT405AZ","Plug Anal",0,2,"Plug 15,5X4 Cm Côr Azul","Plug anal torpedo feito em Material atóxico macio e flexível, possui ponta fininha e corpo liso, além de base larga para manuseá-lo e deixar em pé na superfície plana, ideal para iniciantes no sexo anal ou vaginal.

Material: Polivinílico atóxico.

Medida: 15,5 cm x 4 cm na parte mais grossa.(aproximadas)

Modo de usar: Lubrifique antes de usar.

Embalagem: Blister.

Validade: Indetermindado.

Precauções: Lave antes e após o uso com àgua e sabão neutro. Para a satisfação ser completa, utilize sempre o produto com lubrificante e preservativo.

Aviso: Para evitar lesões ou um agravamento de patologias existentes, não utilize este produto em zona inflamada, inchada ou a pele com lacerações. O uso deste produto não supõe nenhuma garantia, nenhum direito a reclamação por motivos médicos.","",False,1,0,True,0,26,77,56,22,0,0,0,"","",False,False,"KT405AZ.jpg","","","","","","","","","",0,"",0,"","",0,0,"",0
"IDProduto não encontrado","A","Plugs",0,"KT405P","Plug Anal",0,2,"Plug 15,5X4 Cm Côr Preto","Plug anal torpedo feito em Material atóxico macio e flexível, possui ponta fininha e corpo liso, além de base larga para manuseá-lo e deixar em pé na superfície plana, ideal para iniciantes no sexo anal ou vaginal.

Material: Polivinílico atóxico.

Medida: 15,5 cm x 4 cm na parte mais grossa.(aproximadas)

Modo de usar: Lubrifique antes de usar.

Embalagem: Blister.

Validade: Indetermindado.

Precauções: Lave antes e após o uso com àgua e sabão neutro. Para a satisfação ser completa, utilize sempre o produto com lubrificante e preservativo.

Aviso: Para evitar lesões ou um agravamento de patologias existentes, não utilize este produto em zona inflamada, inchada ou a pele com lacerações. O uso deste produto não supõe nenhuma garantia, nenhum direito a reclamação por motivos médicos.","",False,0,0,True,0,26,77,56,22,0,0,0,"","",False,False,"KT405P.jpg","","","","","","","","","",0,"",0,"","",0,0,"",0
"IDProduto não encontrado","A","Plugs",0,"KT401P","Plug Anal",0,2,"Plug ANAL 16X4,5Cm Côr Preto","Plug para penetração anal feito em Material macio com espessura gradual e ponta redonda para facilitar a penetração, este modelo de plug anal é muito usado por iniciantes pois seu corpo sinuoso permite você introduzi-lo em 3 níveis, com uma área de folga entre os 3 gomos arredondados.

Material: Polivinílico atóxico.

Medida: 16 cm x 4,5 cm na parte mais grossa.(aproximadas)

Modo de usar: Lubrifique antes de usar.

Embalagem: Blister.

Validade: Indetermindado.

Precauções: Lave antes e após o uso com àgua e sabão neutro. Para a satisfação ser completa, utilize sempre o produto com lubrificante e preservativo.

Aviso: Para evitar lesões ou um agravamento de patologias existentes, não utilize este produto em zona inflamada, inchada ou a pele com lacerações. O uso deste produto não supõe nenhuma garantia, nenhum direito a reclamação por motivos médicos.","",False,0,0,True,0,26,77,56,22,0,0,0,"","",False,False,"KT401P.jpg","","","","","","","","","",0,"",0,"","",0,0,"",0
"IDProduto não encontrado","A","Plugs",0,"KT401AZ","Plug Anal",0,2,"Plug ANAL 16X4,5Cm Côr Azul","Plug para penetração anal feito em Material macio com espessura gradual e ponta redonda para facilitar a penetração, este modelo de plug anal é muito usado por iniciantes pois seu corpo sinuoso permite você introduzi-lo em 3 níveis, com uma área de folga entre os 3 gomos arredondados.

Material: Polivinílico atóxico.

Medida: 16 cm x 4,5 cm na parte mais grossa.(aproximadas)

Modo de usar: Lubrifique antes de usar.

Embalagem: Blister.

Validade: Indetermindado.

Precauções: Lave antes e após o uso com àgua e sabão neutro. Para a satisfação ser completa, utilize sempre o produto com lubrificante e preservativo.

Aviso: Para evitar lesões ou um agravamento de patologias existentes, não utilize este produto em zona inflamada, inchada ou a pele com lacerações. O uso deste produto não supõe nenhuma garantia, nenhum direito a reclamação por motivos médicos.","",False,1,0,True,0,17,81,37,4,0,0,0,"","",False,False,"KT401AZ.jpg","","","","","","","","","",0,"",0,"","",0,0,"",0
"IDProduto não encontrado","A","Plugs",0,"KT401V","Plug Anal",0,2,"Plug ANAL 16X4,5Cm Côr Vermelho","Plug para penetração anal feito em Material macio com espessura gradual e ponta redonda para facilitar a penetração, este modelo de plug anal é muito usado por iniciantes pois seu corpo sinuoso permite você introduzi-lo em 3 níveis, com uma área de folga entre os 3 gomos arredondados.

Material: Polivinílico atóxico.

Medida: 16 cm x 4,5 cm na parte mais grossa.(aproximadas)

Modo de usar: Lubrifique antes de usar.

Embalagem: Blister.

Validade: Indetermindado.

Precauções: Lave antes e após o uso com àgua e sabão neutro. Para a satisfação ser completa, utilize sempre o produto com lubrificante e preservativo.

Aviso: Para evitar lesões ou um agravamento de patologias existentes, não utilize este produto em zona inflamada, inchada ou a pele com lacerações. O uso deste produto não supõe nenhuma garantia, nenhum direito a reclamação por motivos médicos.","",False,1,0,True,0,13,9,29,19,0,0,0,"","",False,False,"KT401V.jpg","","","","","","","","","",0,"",0,"","",0,0,"",0
"IDProduto não encontrado","A","Plugs",0,"H593","Plug Vibrador Lilly",0,4,"Lilly - Plug Vibrador","Lilly - Plug Vibrador","",False,1,0,True,0,29,32,61,57,0,0,0,"","",False,False,"H593.jpg","","","","","","","","","",0,"",0,"","",0,0,"",0
"IDProduto não encontrado","A","Anéis",0,"AC002T","Anel Oriental",0,2,"Anel oriental pequeno  em silicone ) - Côr transparente","Anel Oriental Pequeno

Anel massageador usado durante a relação para estimular a vúlva e clitóris.

A versão pequena do Anel Oriental massageador é para aqueles que querem foco na estimulação: colocado na base de um pênis ou vibrador estimula ou o clitoris e a vulva ou a região anal.

Cuidados: Lavar antes e após o manuseio com água e sabão neutro.Não compartilhe deste produto com outros parceiros.

Origem: Nacional

Cor: Transparente

Dimensões: 50 x 85 x Ø int. 25mm

Material: Elastômero

Embalagem: Caixa

Anéis

Os anéis penianos colocados na base do pênis ou no vibrador personal e, com variados relevos, tem a função múltipla de massagear a parceira durante a penetração, segurar a ereção e retardar a ejaculação.

Os anéis companheiros possuem uma prótese ou um miniplug anal para dupla penetração. Em variadas cores, alguns são até fosforescentes para tornar a relação sexual mais divertida.

Mas não podem ser utilizados por mais de 30 minutos corridos pois podem prejudicar o pênis.
","",False,2,0,True,0,5,71,11,99,0,0,0,"","",False,False,"AC002T.jpg","","","","","","","","","",0,"",0,"","",0,0,"",0
"IDProduto não encontrado","A","Anéis",0,"AC003T","Anel Oriental",0,2,"Anel oriental duplo em silicone - Côr transparente","Anel Oriental Duplo

Anel massageador usado durante a relação para estimular a vúlva e clitóris.

A versão pequena do Anel Oriental massageador é para aqueles que querem foco na estimulação: colocado na base de um pênis ou vibrador estimula ou o clitoris e a vulva ou a região anal.

Cuidados: Lavar antes e após o manuseio com água e sabão neutro.Não compartilhe deste produto com outros parceiros.

Dimensões: 50 x 130 x Ø int. 25mm

Material: Elastômero

Embalagem: Caixa

Anéis

Os anéis penianos colocados na base do pênis ou no vibrador personal e, com variados relevos, tem a função múltipla de massagear a parceira durante a penetração, segurar a ereção e retardar a ejaculação.

Os anéis companheiros possuem uma prótese ou um miniplug anal para dupla penetração. Em variadas cores, alguns são até fosforescentes para tornar a relação sexual mais divertida.

Mas não podem ser utilizados por mais de 30 minutos corridos pois podem prejudicar o pênis.
","",False,2,0,True,0,5,71,11,99,0,0,0,"","",False,False,"AC003T.jpg","","","","","","","","","",0,"",0,"","",0,0,"",0
"IDProduto não encontrado","A","Anéis",0,"AC004T","Anel Oriental",0,2,"Anel oriental grande em silicone - Côr transparente","Anel Oriental Grande

Anel massageador usado durante a relação para estimular a vúlva e clitóris.

Este anel massageador com maior superfície de cerdas macias uma vez colocado na base de um pênis ou vibrador estimula os grandes e pequenos lábios da vulva, além do clitoris e toda a região anal durante a relação.

Cuidados: Lavar antes e após o manuseio com água e sabão neutro.Não compartilhe deste produto com outros parceiros.

Dimensões: 50 x 130 x Ø int. 25mm

Material: Elastômero

Embalagem: Caixa

Anéis

Os anéis penianos colocados na base do pênis ou no vibrador personal e, com variados relevos, tem a função múltipla de massagear a parceira durante a penetração, segurar a ereção e retardar a ejaculação.

Os anéis companheiros possuem uma prótese ou um miniplug anal para dupla penetração. Em variadas cores, alguns são até fosforescentes para tornar a relação sexual mais divertida.

Mas não podem ser utilizados por mais de 30 minutos corridos pois podem prejudicar o pênis.
","",False,2,0,True,0,5,82,12,22,0,0,0,"","",False,False,"AC004T.jpg","","","","","","","","","",0,"",0,"","",0,0,"",0
"IDProduto não encontrado","A","Anéis",0,"AC005T","Anel Oriental com Plug",0,2,"Anel oriental com plug  - Côr transparente","Anel Oriental com Plug

Usado durante a relação para massagear a vúlva e clitóris, com plug para penetração anal.

Um anel massageador flexível que, quando colocado na base de um pênis ou vibrador, estimula a vulva e o clitoris durante a relação sexual com seu relevo de cerdas macias. Tem um plug para penetração anal simultânea.

Cuidados: Lavar antes e após o manuseio com água e sabão neutro.Não compartilhe deste produto com outros parceiros.

Dimensões: 50 x 130 x Ø int. 25mm

Material: Elastômero

Embalagem: Caixa

Anéis

Os anéis penianos colocados na base do pênis ou no vibrador personal e, com variados relevos, tem a função múltipla de massagear a parceira durante a penetração, segurar a ereção e retardar a ejaculação.

Os anéis companheiros possuem uma prótese ou um miniplug anal para dupla penetração. Em variadas cores, alguns são até fosforescentes para tornar a relação sexual mais divertida.

Mas não podem ser utilizados por mais de 30 minutos corridos pois podem prejudicar o pên","",False,2,0,True,0,6,83,14,34,0,0,0,"","",False,False,"AC005T.jpg","","","","","","","","","",0,"",0,"","",0,0,"",0
"IDProduto não encontrado","A","Anéis",0,"AC010","Anel Peniano",0,2,"Anel Peniano Laço Retardador em E.V.A -Côr  branco","Anel peniano feito de E.V.A que ajuda a manter a ereção e retardar a ejaculação precoce.

Dimensões: O anel é regulável, medindo no máximo 25cm de comprimento e 5cm de diâmetro. Medidas aproximadas.

Modo de Usar: Coloque o anel e regule de acordo com o diâmetro do pênis.

Cor: Diversas

Detalhes em Metal: Ponteiras e regulador
","",False,2,0,True,0,5,49,11,53,0,0,0,"","",False,False,"AC010.jpg","","","","","","","","","",0,"",0,"","",0,0,"",0
"IDProduto não encontrado","A","Anéis",0,"DOM001","Anel Peniano",0,2,"ANEL PENIANO A1","A1 - ANEL PENIANO - (DOM001)

O A1 é um anel peniano ideal para homens que desejam manter umaereção prolongada e aguentar por mais tempo uma maratona de sexo sem perder seu estilo. Este anel se ajusta facilmente à base de seu pênis e também pode ser usado para prender o escroto, mostrando assim sua versatilidade. Não deixe de experimentar!

Modo de Usar: Abra a caixa, retire o produto e selecione o local desejado para estimulação corporal. Higienize antes e após o uso com água e sabonete antibacteriano, seque com uma toalha de papel.de papel.

Restrições de uso:
- Pessoas alérgicas aos componentes da matéria-prima não devem usar o produto.
- Não use o produto em regiões com inflamações, inchaços ou lacerações.
- Produto erótico sem indicação de uso de saúde.
- Vendido apenas como produto para estimulação sexual.
- Não nos responsabilizamos pelo mau uso do produto.

CONTÉM: Um anel peniano A1
COMPOSIÇÃO: Elastomero
VALIDADE: Indeterminada","",False,0,0,True,0,19,42,40,78,0,0,0,"","",False,False,"DOM001.jpg","","","","","","","","","",0,"",0,"","",0,0,"",0
"IDProduto não encontrado","A","Anéis",0,"DOM002","Anel Peniano",0,2,"ANEL PENIANO A2","A2 - ANEL PENIANO (DOM002)

O A2 é um anel peniano ideal para homens que desejam manter uma ereção prolongada e aguentar por mais tempo uma maratona de sexo sem perder seu estilo. Este anel se ajusta facilmente à base de seu pênis e também pode ser usado para prender o escroto, mostrando assim sua versatilidade. Não deixe de experimentar!

Modo de Usar: Abra a caixa, retire o produto e selecione o local desejado para estimulação corporal. Higienize antes e após o uso com água e sabonete antibacteriano, seque com uma toalha de papel.

Restrições de uso:
- Pessoas alérgicas aos componentes da matéria-prima não devem usar o produto.
- Não use o produto em regiões com inflamações, inchaços ou lacerações.
- Produto erótico sem indicação de uso de saúde.
- Vendido apenas como produto para estimulação sexual.
- Não nos responsabilizamos pelo mau uso do produto.



CONTÉM: Um anel peniano A2
COMPOSIÇÃO: Elastomero
VALIDADE: Indeterminada","",False,0,0,True,0,18,35,38,54,0,0,0,"","",False,False,"DOM002.jpg","","","","","","","","","",0,"",0,"","",0,0,"",0
"IDProduto não encontrado","A","Anéis",0,"EVA252","Anel Vibratório",0,2,"Anel vibratório leãozinho reutilizável","Anel vibratório com massageador Ursinho - Ref: EVA310

Possui na cabeça uma mini cápsula vibratória de 4 cm que estimula o clitóris. Este anel em silicone bem posicionado na base do pênis ou de um vibrador, simultaneamente, pode segurar a ereção e retardar a ejaculação. É reutilizável desde que o cuidados com a higiene sejam observados como lavar antes e após o manuseio com água e sabão. Vem embalado em uma caixa e permite trocar as baterias.

Modo de Usar: Abra a caixa, retire seu produto Magic Ring. Antes de usá-lo, passe um pano úmido e limpe com sabonete antibactericida. Evite o contato da água com o compartimento das pilhas. Seque com papel toalha descartável ou deixe secar naturalmente (para maior durabilidade do produto, este processo deve ser repetido após cada uso).

Abra a tampa do controle do produto, coloque as baterias. Feche a tampa. Aperte o botão para ligar e sentir a intensidade da vibração.

Composição: Elastômero

Acompanha Baterias (podem ser substituidas)

Restrições de Uso
","",False,2,0,True,0,7,28,15,29,0,0,0,"","",False,False,"EVA252.jpg","","","","","","","","","",0,"",0,"","",0,0,"",0
"IDProduto não encontrado","A","Anéis",0,"EVA310","Anel Vibratório",0,2,"Anel vibratório ursinho reutilizável","Anel vibratório com massageador Gatinho - Ref: EVA311

Possui na cabeça uma mini cápsula vibratória de 4 cm que estimula o clitóris. Este anel em silicone bem posicionado na base do pênis ou de um vibrador, simultaneamente, pode segurar a ereção e retardar a ejaculação. É reutilizável desde que o cuidados com a higiene sejam observados como lavar antes e após o manuseio com água e sabão. Vem embalado em uma caixa e permite trocar as baterias.

Modo de Usar: Abra a caixa, retire seu produto Magic Ring. Antes de usá-lo, passe um pano úmido e limpe com sabonete antibactericida. Evite o contato da água com o compartimento das pilhas. Seque com papel toalha descartável ou deixe secar naturalmente (para maior durabilidade do produto, este processo deve ser repetido após cada uso).

Abra a tampa do controle do produto, coloque as baterias. Feche a tampa. Aperte o botão para ligar e sentir a intensidade da vibração.

Composição: Elastômero

Acompanha Baterias (podem ser substituidas)

Restrições de Uso
","",False,2,0,True,0,7,28,15,29,0,0,0,"","",False,False,"EVA310.jpg","","","","","","","","","",0,"",0,"","",0,0,"",0
"IDProduto não encontrado","A","Anéis",0,"EVA311","Anel Vibratório",0,2,"Anel vibratório gatinho reutilizável","Anel vibratório com massageadorBorboleta - Ref: EVA371

Possui na cabeça uma mini cápsula vibratória de 4 cm que estimula o clitóris. Este anel em silicone bem posicionado na base do pênis ou de um vibrador, simultaneamente, pode segurar a ereção e retardar a ejaculação. É reutilizável desde que o cuidados com a higiene sejam observados como lavar antes e após o manuseio com água e sabão. Vem embalado em uma caixa e permite trocar as baterias.

Modo de Usar: Abra a caixa, retire seu produto Magic Ring. Antes de usá-lo, passe um pano úmido e limpe com sabonete antibactericida. Evite o contato da água com o compartimento das pilhas. Seque com papel toalha descartável ou deixe secar naturalmente (para maior durabilidade do produto, este processo deve ser repetido após cada uso).

Abra a tampa do controle do produto, coloque as baterias. Feche a tampa. Aperte o botão para ligar e sentir a intensidade da vibração.

Composição: Elastômero

Acompanha Baterias (podem ser substituidas)

Restrições de Uso
","",False,2,0,True,0,7,28,15,29,0,0,0,"","",False,False,"EVA311.jpg","","","","","","","","","",0,"",0,"","",0,0,"",0
"IDProduto não encontrado","A","Anéis",0,"EVA371","Anel Vibratório",0,2,"Anel vibratório borboleta reutilizável","Anel vibratório com massageador Leãozinho - Ref: EVA252

Possui na cabeça uma mini cápsula vibratória de 4 cm que estimula o clitóris. Este anel em silicone bem posicionado na base do pênis ou de um vibrador, simultaneamente, pode segurar a ereção e retardar a ejaculação. É reutilizável desde que o cuidados com a higiene sejam observados como lavar antes e após o manuseio com água e sabão. Vem embalado em uma caixa e permite trocar as baterias.

Modo de Usar: Abra a caixa, retire seu produto Magic Ring. Antes de usá-lo, passe um pano úmido e limpe com sabonete antibactericida. Evite o contato da água com o compartimento das pilhas. Seque com papel toalha descartável ou deixe secar naturalmente (para maior durabilidade do produto, este processo deve ser repetido após cada uso).

Abra a tampa do controle do produto, coloque as baterias. Feche a tampa. Aperte o botão para ligar e sentir a intensidade da vibração.

Composição: Elastômero

Acompanha Baterias (podem ser substituidas)

Restrições de Uso","",False,2,0,True,0,7,28,15,29,0,0,0,"","",False,False,"EVA371.jpg","","","","","","","","","",0,"",0,"","",0,0,"",0
"IDProduto não encontrado","A","Anéis",0,"KT813AZ","Anel Estimulation",0,2,"Anel Estimulation Azul","Meia capa peniana feita em material macio e de grande elasticidade com micro pontos externos e estimulador que fica estrategicamente na parte inferior da capa e faz o contato com o escroto e o clitóris ao mesmo tempo, dando prazer para ambos.

Material: TPE

Medida: Meia capa mede 6,5 x 2,5 cm e estimulador mede 5x1,5. Medidas aproximadas.

Modo de Usar: Encaixe a meia capa na base do penis com estimulador virando p/ cima. lubrifique para facilitar a penetração.

Recomendações: É recomendado o uso de lubrificantes.

Embalagem: Blister.

Validade: Indetermindado.

Foto ilustrativa - Não acompanha protese

Precauções: Lave antes e após o uso com àgua e sabão neutro.

Aviso: Para evitar lesões ou um agravamento de patologias existentes, não utilize este produto em zona inflamada, inchada ou a pele com lacerações. O uso deste produto não supõe nenhuma garantia, nenhum direito a reclamação por motivos médicos.","",False,1,0,True,0,5,91,12,41,0,0,0,"","",False,False,"KT813AZ.jpg","","","","","","","","","",0,"",0,"","",0,0,"",0
"IDProduto não encontrado","A","Anéis",0,"KT813T","Anel Estimulation",0,2,"Anel Estimulation Transparente","Meia capa peniana feita em material macio e de grande elasticidade com micro pontos externos e estimulador que fica estrategicamente na parte inferior da capa e faz o contato com o escroto e o clitóris ao mesmo tempo, dando prazer para ambos.

Material: TPE

Medida: Meia capa mede 6,5 x 2,5 cm e estimulador mede 5x1,5. Medidas aproximadas.

Modo de Usar: Encaixe a meia capa na base do penis com estimulador virando p/ cima. lubrifique para facilitar a penetração.

Recomendações: É recomendado o uso de lubrificantes.

Embalagem: Blister.

Validade: Indetermindado.

Foto ilustrativa - Não acompanha protese

Precauções: Lave antes e após o uso com àgua e sabão neutro.

Aviso: Para evitar lesões ou um agravamento de patologias existentes, não utilize este produto em zona inflamada, inchada ou a pele com lacerações. O uso deste produto não supõe nenhuma garantia, nenhum direito a reclamação por motivos médicos.","",False,1,0,True,0,5,91,12,41,0,0,0,"","",False,False,"KT813T.jpg","","","","","","","","","",0,"",0,"","",0,0,"",0
"IDProduto não encontrado","A","Anéis",0,"KT813D","Anel Estimulation",0,2,"Anel Estimulation Verde","Meia capa peniana feita em material macio e de grande elasticidade com micro pontos externos e estimulador que fica estrategicamente na parte inferior da capa e faz o contato com o escroto e o clitóris ao mesmo tempo, dando prazer para ambos.

Material: TPE

Medida: Meia capa mede 6,5 x 2,5 cm e estimulador mede 5x1,5. Medidas aproximadas.

Modo de Usar: Encaixe a meia capa na base do penis com estimulador virando p/ cima. lubrifique para facilitar a penetração.

Recomendações: É recomendado o uso de lubrificantes.

Embalagem: Blister.

Validade: Indetermindado.

Foto ilustrativa - Não acompanha protese

Precauções: Lave antes e após o uso com àgua e sabão neutro.

Aviso: Para evitar lesões ou um agravamento de patologias existentes, não utilize este produto em zona inflamada, inchada ou a pele com lacerações. O uso deste produto não supõe nenhuma garantia, nenhum direito a reclamação por motivos médicos.","",False,1,0,True,0,5,91,12,41,0,0,0,"","",False,False,"KT813D.jpg","","","","","","","","","",0,"",0,"","",0,0,"",0
"IDProduto não encontrado","A","Anéis",0,"KT813X","Anel Estimulation",0,2,"Anel Estimulation Roxo","Meia capa peniana feita em material macio e de grande elasticidade com micro pontos externos e estimulador que fica estrategicamente na parte inferior da capa e faz o contato com o escroto e o clitóris ao mesmo tempo, dando prazer para ambos.

Material: TPE

Medida: Meia capa mede 6,5 x 2,5 cm e estimulador mede 5x1,5. Medidas aproximadas.

Modo de Usar: Encaixe a meia capa na base do penis com estimulador virando p/ cima. lubrifique para facilitar a penetração.

Recomendações: É recomendado o uso de lubrificantes.

Embalagem: Blister.

Validade: Indetermindado.

Foto ilustrativa - Não acompanha protese

Precauções: Lave antes e após o uso com àgua e sabão neutro.

Aviso: Para evitar lesões ou um agravamento de patologias existentes, não utilize este produto em zona inflamada, inchada ou a pele com lacerações. O uso deste produto não supõe nenhuma garantia, nenhum direito a reclamação por motivos médicos.","",False,1,0,True,0,5,91,12,41,0,0,0,"","",False,False,"KT813X.jpg","","","","","","","","","",0,"",0,"","",0,0,"",0
"IDProduto não encontrado","A","Anéis",0," KT832AZ","Anel Peniano Extreme",0,2,"Anel Peniano Extreme Azul","Anel peniano ultra flexível que ajuda a manter a ereção ao mesmo tempo massageia suavemente o clitóris e os lábios vaginais.

Pode ser utilizado em próteses de borracha e vibradores personais no prazer feminino exclusivo.

Material: TPE.

Medida: 8,3 x 3,5 cm

Embalagem: Caixa.

Validade: Indeterminada

Precauções: Lave antes e após o uso com àgua e sabão neutro. Para a satisfação ser completa, utilize sempre o produto com lubrificante e preservativo.

Aviso: Para evitar lesões ou um agravamento de patologias existentes, não utilize este produto em zona inflamada, inchada ou a pele com lacerações. O uso deste produto não supõe nenhuma garantia, nenhum direito a reclamação por motivos médicos.
","",False,1,0,True,0,4,55,9,56,0,0,0,"","",False,False," KT832AZ.jpg","","","","","","","","","",0,"",0,"","",0,0,"",0
"IDProduto não encontrado","A","Anéis",0," KT832V","Anel Peniano Extreme",0,2,"Anel Peniano Extreme Vermelho","Anel peniano ultra flexível que ajuda a manter a ereção ao mesmo tempo massageia suavemente o clitóris e os lábios vaginais.

Pode ser utilizado em próteses de borracha e vibradores personais no prazer feminino exclusivo.

Material: TPE.

Medida: 8,3 x 3,5 cm

Embalagem: Caixa.

Validade: Indeterminada

Precauções: Lave antes e após o uso com àgua e sabão neutro. Para a satisfação ser completa, utilize sempre o produto com lubrificante e preservativo.

Aviso: Para evitar lesões ou um agravamento de patologias existentes, não utilize este produto em zona inflamada, inchada ou a pele com lacerações. O uso deste produto não supõe nenhuma garantia, nenhum direito a reclamação por motivos médicos.
","",False,1,0,True,0,4,55,9,56,0,0,0,"","",False,False," KT832V.jpg","","","","","","","","","",0,"",0,"","",0,0,"",0
"IDProduto não encontrado","A","Anéis",0," KT832T","Anel Peniano Extreme",0,2,"Anel Peniano Extreme Transparente","Anel peniano ultra flexível que ajuda a manter a ereção ao mesmo tempo massageia suavemente o clitóris e os lábios vaginais.

Pode ser utilizado em próteses de borracha e vibradores personais no prazer feminino exclusivo.

Material: TPE.

Medida: 8,3 x 3,5 cm

Embalagem: Caixa.

Validade: Indeterminada

Precauções: Lave antes e após o uso com àgua e sabão neutro. Para a satisfação ser completa, utilize sempre o produto com lubrificante e preservativo.

Aviso: Para evitar lesões ou um agravamento de patologias existentes, não utilize este produto em zona inflamada, inchada ou a pele com lacerações. O uso deste produto não supõe nenhuma garantia, nenhum direito a reclamação por motivos médicos.
","",False,1,0,True,0,4,55,9,56,0,0,0,"","",False,False," KT832T.jpg","","","","","","","","","",0,"",0,"","",0,0,"",0
"IDProduto não encontrado","A","Anéis",0,"KT831AZ","Anel Peniano Magnum",0,2,"Anel Peniano Magnum Azul","Anel peniano ultra flexível que ajuda a manter a ereção ao mesmo tempo massageia suavemente o clitóris e os lábios vaginais.

Pode ser utilizado em próteses de borracha e vibradores personais no prazer feminino exclusivo.

Material: TPE.

Medida: 8,5 x 3,5 cm

Embalagem: Caixa.

Validade: Indeterminada

Precauções: Lave antes e após o uso com àgua e sabão neutro. Para a satisfação ser completa, utilize sempre o produto com lubrificante e preservativo.

Aviso: Para evitar lesões ou um agravamento de patologias existentes, não utilize este produto em zona inflamada, inchada ou a pele com lacerações. O uso deste produto não supõe nenhuma garantia, nenhum direito a reclamação por motivos médicos.","",False,1,0,True,0,4,85,10,19,0,0,0,"","",False,False,"KT831AZ.jpg","","","","","","","","","",0,"",0,"","",0,0,"",0
"IDProduto não encontrado","A","Anéis",0," KT831V","Anel Peniano Magnum",0,2,"Anel Peniano Magnum Vermelho","Anel peniano ultra flexível que ajuda a manter a ereção ao mesmo tempo massageia suavemente o clitóris e os lábios vaginais.

Pode ser utilizado em próteses de borracha e vibradores personais no prazer feminino exclusivo.

Material: TPE.

Medida: 8,5 x 3,5 cm

Embalagem: Caixa.

Validade: Indeterminada

Precauções: Lave antes e após o uso com àgua e sabão neutro. Para a satisfação ser completa, utilize sempre o produto com lubrificante e preservativo.

Aviso: Para evitar lesões ou um agravamento de patologias existentes, não utilize este produto em zona inflamada, inchada ou a pele com lacerações. O uso deste produto não supõe nenhuma garantia, nenhum direito a reclamação por motivos médicos.","",False,1,0,True,0,4,85,10,19,0,0,0,"","",False,False," KT831V.jpg","","","","","","","","","",0,"",0,"","",0,0,"",0
"IDProduto não encontrado","A","Anéis",0," KT831T","Anel Peniano Magnum",0,2,"Anel Peniano Magnum Transparente","Anel peniano ultra flexível que ajuda a manter a ereção ao mesmo tempo massageia suavemente o clitóris e os lábios vaginais.

Pode ser utilizado em próteses de borracha e vibradores personais no prazer feminino exclusivo.

Material: TPE.

Medida: 8,5 x 3,5 cm

Embalagem: Caixa.

Validade: Indeterminada

Precauções: Lave antes e após o uso com àgua e sabão neutro. Para a satisfação ser completa, utilize sempre o produto com lubrificante e preservativo.

Aviso: Para evitar lesões ou um agravamento de patologias existentes, não utilize este produto em zona inflamada, inchada ou a pele com lacerações. O uso deste produto não supõe nenhuma garantia, nenhum direito a reclamação por motivos médicos.","",False,1,0,True,0,4,85,10,19,0,0,0,"","",False,False," KT831T.jpg","","","","","","","","","",0,"",0,"","",0,0,"",0
"IDProduto não encontrado","A","Anéis",0,"X2878","Anel Vibratório Powerful",0,3,"Anel Vibratorio Powerful Pink","Powerfull é um anel peniano de poderosa vibração. Envolto um revestimento suave e texturizado, ele traz vários benefícios a relação. Versátil pois é de fácil utilização e é a prova d´água, estimula prazerosamente o clítoris e ajuda a manter a ereção e retardar a ejaculação. Ideal para para que cheguem ao climax juntos. É a combinação perfeita para intensos orgasmos.


Informações
 
Composição: TPR + ABS

Dimensões: O orifício para penetração do pênis mede 2 cm de diâmetro. O bullet mede 5,5 cm de comprimento por 2 cm de diâmetro.
O anel peniano mede no total 11 cm de comprimento.

Bateria: Requer 3 baterias LR1130 (inclusas)

Validade: válido por prazo indeterminado


Recomendações
 
É recomendado o uso de preservativo e lubrificante a base de água.

Cuidados: Lave com água e sabão neutro antes e após o uso. Seque com papel toalha ou deixe secar naturalmente. Não compartilhe seu acessório. Não molhar o compartimento da pilha. Conservar fora da luz solar e não expor a alta temperatura. Remov","",False,1,0,True,0,13,3,27,93,0,0,0,"","",False,False,"X2878.jpg","","","","","","","","","",0,"",0,"","",0,0,"",0
"IDProduto não encontrado","A","Anéis",0,"X2879","Anel Vibratório Powerful",0,3,"Anel Vibratorio Powerful Blue","Powerfull é um anel peniano de poderosa vibração. Envolto um revestimento suave e texturizado, ele traz vários benefícios a relação. Versátil pois é de fácil utilização e é a prova d´água, estimula prazerosamente o clítoris e ajuda a manter a ereção e retardar a ejaculação. Ideal para para que cheguem ao climax juntos. É a combinação perfeita para intensos orgasmos.


Informações
 
Composição: TPR + ABS

Dimensões: O orifício para penetração do pênis mede 2 cm de diâmetro. O bullet mede 5,5 cm de comprimento por 2 cm de diâmetro.
O anel peniano mede no total 11 cm de comprimento.

Bateria: Requer 3 baterias LR1130 (inclusas)

Validade: válido por prazo indeterminado


Recomendações
 
É recomendado o uso de preservativo e lubrificante a base de água.

Cuidados: Lave com água e sabão neutro antes e após o uso. Seque com papel toalha ou deixe secar naturalmente. Não compartilhe seu acessório. Não molhar o compartimento da pilha. Conservar fora da luz solar e não expor a alta temperatura. Remov","",False,1,0,True,0,13,3,27,93,0,0,0,"","",False,False,"X2879.jpg","","","","","","","","","",0,"",0,"","",0,0,"",0
"IDProduto não encontrado","A","Anéis",0,"X2880","Anel Vibratório Powerful",0,3,"Anel Vibratorio Powerful Cristal","Powerfull é um anel peniano de poderosa vibração. Envolto um revestimento suave e texturizado, ele traz vários benefícios a relação. Versátil pois é de fácil utilização e é a prova d´água, estimula prazerosamente o clítoris e ajuda a manter a ereção e retardar a ejaculação. Ideal para para que cheguem ao climax juntos. É a combinação perfeita para intensos orgasmos.


Informações
 
Composição: TPR + ABS

Dimensões: O orifício para penetração do pênis mede 2 cm de diâmetro. O bullet mede 5,5 cm de comprimento por 2 cm de diâmetro.
O anel peniano mede no total 11 cm de comprimento.

Bateria: Requer 3 baterias LR1130 (inclusas)

Validade: válido por prazo indeterminado


Recomendações
 
É recomendado o uso de preservativo e lubrificante a base de água.

Cuidados: Lave com água e sabão neutro antes e após o uso. Seque com papel toalha ou deixe secar naturalmente. Não compartilhe seu acessório. Não molhar o compartimento da pilha. Conservar fora da luz solar e não expor a alta temperatura. Remov","",False,1,0,True,0,13,3,27,93,0,0,0,"","",False,False,"X2880.jpg","","","","","","","","","",0,"",0,"","",0,0,"",0
"IDProduto não encontrado","A","Pompoarismo",0,"AC006","Bolinha Tailandesa",0,2,"Ben-wa - Conjunto 2 bolas pompoar - Marfim","Conjunto 2 bolas pompoar com alça em silicone - AC006P

Material: PS de auto impacto

As bolas Ben-wa também tem pequenos pesos em seu interior e auxiliam à praticante, no ganho de força e potência muscular e em simultâneo, coordenação motora.  Conjunto de 2 bolas para pompoar da Adão e Eva com alça também em silicone, muito mais fácil de higienizar.

Pompoarismo

O Pompoarismo, prática milenar oriental de domínio mental dos anéis da musculatura vaginal ganhou várias adeptas na modernidade. 

Para os exercícios diários do Pompoarismo, são utilizadas as bolinhas tailandesas (pequenas e grandes) para ganho de coordenação motora; as ben-wa e cones para ganho de força e potência muscular.

Cuidados: Lavar antes e após o manuseio com água e sabão neutro. Não compartilhe deste produto com outros parceiros. Aconselhável o uso lubrificantes.

Medidas: 3,5 cm de Diâmetro

Cor: Prêta

Material: Polímero Plástico (Atóxico)

Embalagem: Caixa
","",False,2,0,True,0,10,07,21,15,0,0,0,"","",False,False,"AC006.jpg","","","","","","","","","",0,"",0,"","",0,0,"",0
"IDProduto não encontrado","A","Pompoarismo",0,"AC006P","Bolinha Tailandesa",0,2,"Ben-wa - Conjunto 2 bolas pompoar - Preta","Conjunto 2 bolas pompoar com alça em silicone - AC006

Material: PS de auto impacto

As bolas Ben-wa também tem pequenos pesos em seu interior e auxiliam à praticante, no ganho de força e potência muscular e em simultâneo, coordenação motora.  Conjunto de 2 bolas para pompoar da Adão e Eva com alça também em silicone, muito mais fácil de higienizar.

Pompoarismo

O Pompoarismo, prática milenar oriental de domínio mental dos anéis da musculatura vaginal ganhou várias adeptas na modernidade. 

Para os exercícios diários do Pompoarismo, são utilizadas as bolinhas tailandesas (pequenas e grandes) para ganho de coordenação motora; as ben-wa e cones para ganho de força e potência muscular.

Cuidados: Lavar antes e após o manuseio com água e sabão neutro. Não compartilhe deste produto com outros parceiros. Aconselhável o uso lubrificantes.

Medidas: 3,5 cm de Diâmetro

Cor: Marfim

Material: Polímero Plástico (Atóxico)

Embalagem: Caixa
","",False,2,0,True,0,10,07,21,15,0,0,0,"","",False,False,"AC006P.jpg","","","","","","","","","",0,"",0,"","",0,0,"",0
"IDProduto não encontrado","A","Pompoarismo",0,"AC007","Bolinha Tailandesa",0,2,"Ben-wa - Conjunto 4 bolas pompoar - Marfim","Ben- Wa - Conjunto 4 bolas pompoar com alça em silicone - Ref: AC007

As Bolinhas Tailandesas Ben-Wa para exercícios vaginais é uma técnica aplicada e muito usada até os dias atuais. Os movimentos aprendidos e aperfeiçoados eram utilizado inicialmente pelas mulheres tailandesas na prática do pompoarismo para pontencializar o desempenho sexual da mulher. Hoje o Ben-wa atravessou fronteiras, popularizando-se mundialmente e sendo conhecido como as bolinhas tailandesas.

Cuidados: Lavar antes e após o manuseio com água e sabão neutro. Não compartilhe deste produto com outros parceiros. Aconselhável o uso lubrificantes.

Medidas: 3,5 cm de Diâmetro

Cor: Marfim

Material: Polímero Plástico (Atóxico)

Embalagem: Caixa
Pompoarismo

O Pompoarismo, prática milenar oriental de domínio mental dos anéis da musculatura vaginal ganhou várias adeptas na modernidade. 
Para os exercícios diários do Pompoarismo, são utilizadas as bolinhas tailandesas (pequenas e grandes) para ganho de coordenação motora; as ben","",False,2,0,True,0,13,43,28,2,0,0,0,"","",False,False,"AC007.jpg","","","","","","","","","",0,"",0,"","",0,0,"",0
"IDProduto não encontrado","A","Pompoarismo",0,"AC008","Bolinha Tailandesa",0,2,"Bolinha Tailandesa Pequena com Côrdão de silicone (com 5 esferas) - varias Côres","Bolinhas Tailandesas Pequenas - Ref: AC008

Criada no oriente há muitos anos atrás, as bolinhas tailandesas foram um dos primeiros acessórios sexuais e mais recentemente se espalhou pelo ocidente devido a sua eficácia e segurança quanto ao uso. São usadas para promover excitação do ânus, mas podem ser usadas na vagina também. Ao serem introduziadas e manuseadas elas fazem movimentos aleatório que proporcionam uma agradável e excitante massagem na musculatura, o que pode incrementar bastante o orgasmo.

Para as praticantes mais experientes que querem refinar a coordenação motora dos anéis vaginais esse cordão de bolinhas menores é ideal, pois pede mais sensibilidade do tato e força muscular. Totalmente higiênico e atóxico é composto de cinco esferas importadas em resina polida atadas por um fio flexivel de silicone e argola de segurança de plástico.Cuidados: Lavar antes e após o manuseio com água e sabão neutro.

Não compartilhe deste produto com outros parceiros.

Aconselhável o uso lubrificantes.

","",False,2,0,True,0,5,36,11,26,0,0,0,"","",False,False,"AC008.jpg","","","","","","","","","",0,"",0,"","",0,0,"",0
"IDProduto não encontrado","A","Pompoarismo",0,"AC009","Bolinha Tailandesa com Cordão de Silicone",0,2,"Bolinha Tailandesa Grande com Côrdão de silicone (com 5 esferas) - varias Côres","riada no oriente há muitos anos atrás, as bolinhas tailandesas foram um dos primeiros acessórios sexuais e mais recentemente se espalhou pelo ocidente devido a sua eficácia e segurança quanto ao uso. São usadas para promover excitação do ânus, mas podem ser usadas na vagina também. Ao serem introduziadas e manuseadas elas fazem movimentos aleatório que proporcionam uma agradável e excitante massagem na musculatura, o que pode incrementar bastante o orgasmo.

Para as praticantes mais experientes que querem refinar a coordenação motora dos anéis vaginais esse cordão de bolinhas menores é ideal, pois pede mais sensibilidade do tato e força muscular. Totalmente higiênico e atóxico é composto de cinco esferas importadas em resina polida atadas por um fio flexivel de silicone e argola de segurança de plástico.Cuidados: Lavar antes e após o manuseio com água e sabão neutro.

Não compartilhe deste produto com outros parceiros.

Aconselhável o uso lubrificantes.

Medidas: 5 esferas grandes de aproximadamente 2","",False,2,0,True,0,5,36,11,26,0,0,0,"","",False,False,"AC009.jpg","","","","","","","","","",0,"",0,"","",0,0,"",0
"IDProduto não encontrado","A","Pompoarismo",0,"CFA01","Bolinha Tailandesa Cromada",0,2,"Bolinhas Tailandesas Cromadas - Cinquenta Formas de Amar -","INQUENTA FORMAS DE AMAR - Bolinhas Ben-wa ""Tailandesas"".

Alguns fetiches inspiram magia e dominação. Prepare-se para descobrir 50 Formas de Amar, com itens que abusam do seu imaginário e realizam suas fantasias mais obscuras. Explore aventuras proibidas, encontros apimentados e submissões que vão arrancar gemidos de prazer.Entre-se a este desejo desconhecido, mas muito excitante.

Bolinhas Tailandesas

A dominação pode ser exercida de diversas formas. Para prender seu parceiro durante a relação, vocÊprecisa praticar o pompoarismo com essas bolas inspiradoras. Elas tem pesinhos em seu interior e auxiliam no ganho de força e potência muscular e, em simultâneo, coordenação motora. VocÊvai surpreender!

Restrições de Uso:

- Produto erótico sem indicação de uso em saúde. Vendido apenas como produto para estimulação sexual.

- Antes de utilizar consulte o seu médico ginecologista. Não nos responsabilizamos pelo mau uso do produto.

- Pessoas alérgicas não devem usar o produto. Não use o produto em r","",False,1,0,True,0,15,57,32,7,0,0,0,"","",False,False,"CFA01.jpg","","","","","","","","","",0,"",0,"","",0,0,"",0
"IDProduto não encontrado","A","Pompoarismo",0,"EVA038","Bolinha Tailandesa Soft Touch",0,2,"Ben-Wa, para exercícios vaginais - em Soft Touch, Côrdão em Nylon, 4 Cm, rosa","Ben-Wa - Exercite-se!

As milenares bolinhas Ben-Wa utilizadas para exercícios de ganho de força muscular e para a prática do Pompoarismo, agora contam com pesinhos internos e cores diferenciadas, além do Soft Touch, material moderno e macio que deixarão seus treinos mais confortáveis e divertidos.

Modo de Usar:

Abra a caixa, retire seu produto Ben-Wa Soft Touch. Antes de usálo pela primeira vez, passe um pano úmido e limpe com sabonete antibactericida. Seque com papel toalha descartável ou deixe secar naturalmente (para maior durabilidade do produto, este processo deve ser repetido após cada uso).

Restrições de Uso

- Antes de utilizar consulte o seu médico ginecologista. Não nos responsabilizamos pelo mau uso do produto.

- Pessoas alérgicas não devem usar o produto. Não use o produto em regiões com infl amações, inchaços ou lacerações.

Contém: um Ben-Wa Soft Touch (Rosa)

Composição: ABS
","",False,2,0,True,0,12,21,25,64,0,0,0,"","",False,False,"EVA038.jpg","","","","","","","","","",0,"",0,"","",0,0,"",0
"IDProduto não encontrado","A","Pompoarismo",0,"EVA039","Bolinha Tailandesa Soft Touch",0,2,"Ben-Wa, para exercícios vaginais - em Soft Touch, Côrdão em Nylon, 4 Cm, azul","Ben-Wa - Exercite-se!

As milenares bolinhas Ben-Wa utilizadas para exercícios de ganho de força muscular e para a prática do Pompoarismo, agora contam com pesinhos internos e cores diferenciadas, além do Soft Touch, material moderno e macio que deixarão seus treinos mais confortáveis e divertidos.

Modo de Usar:

Abra a caixa, retire seu produto Ben-Wa Soft Touch. Antes de usálo pela primeira vez, passe um pano úmido e limpe com sabonete antibactericida. Seque com papel toalha descartável ou deixe secar naturalmente (para maior durabilidade do produto, este processo deve ser repetido após cada uso).

Restrições de Uso

- Antes de utilizar consulte o seu médico ginecologista. Não nos responsabilizamos pelo mau uso do produto.

- Pessoas alérgicas não devem usar o produto. Não use o produto em regiões com infl amações, inchaços ou lacerações.

Contém: um Ben-Wa Soft Touch (Azul)

Composição: ABS
","",False,2,0,True,0,12,21,25,64,0,0,0,"","",False,False,"EVA039.jpg","","","","","","","","","",0,"",0,"","",0,0,"",0
"IDProduto não encontrado","A","Pompoarismo",0,"HZ302","Bolinha Tailandesa",0,2,"Bolinha Tailandesa Pequena com Côrdão de silicone (com 5 esferas) - varias Côres","Bolinha Tailandesa Pequena
Mundialmente conhecidas como masturbadores vaginais e anais.
Cores diversas sem opção de escolha.?
","",False,1,0,True,0,10,25,21,53,0,0,0,"","",False,False,"HZ302.jpg","","","","","","","","","",0,"",0,"","",0,0,"",0
"IDProduto não encontrado","A","Pompoarismo",0,"HZ303","Bolinha Tailandesa",0,2,"Bolinha Tailandesa Média com Côrdão de silicone (com 5 esferas) - varias Côres","Bolinha Tailandesa Média
Mundialmente conhecidas como masturbadores vaginais e anais.
Cores diversas sem opção de escolha.?
","",False,1,0,True,0,10,25,21,53,0,0,0,"","",False,False,"HZ303.jpg","","","","","","","","","",0,"",0,"","",0,0,"",0
"IDProduto não encontrado","A","Pompoarismo",0,"HZ304","Bolinha Tailandesa",0,2,"Bolinha Tailandesa Grande com Côrdão de silicone (com 5 esferas) - varias Côres","Bolinha Tailandesa Grande
Mundialmente conhecidas como masturbadores vaginais e anais.
Cores diversas sem opção de escolha.?
","",False,1,0,True,0,10,25,21,53,0,0,0,"","",False,False,"HZ304.jpg","","","","","","","","","",0,"",0,"","",0,0,"",0
"IDProduto não encontrado","A","Capas",0,"AC016","Capa Peniana Extensora",0,2,"Capa peniana extensora 15Cm em silicone","Capa extensora peniana - Ref: AC016

As Capas penianas, estimulam o canal vaginal durante a penetração.

Feita em elastômero, a Capa Extensora se adapta a qualquer tamanho de pênis ou vibrador personal por ser flexivel e elástica.

Transparente, ela tem ainda na ponta, um volume a mais para dar maior comprimento ao pênis.

Seu corpo com relevo de cerdas ultramacias estimulam todo o canal vaginal durante a relação.

Modo de usar: vista a capa no local desejado e use para estimulação corporal. Higienize antes e após o uso com sabonete antibacteriano e seque com uma toalha de papel.

Precauções: Para evitar lesões ou agravamento de condições pré-existentes, não use em áreas inflamadas, irritadas, inchadas ou com lacerações.

Em caso de irritação suspenda o uso e procure um médico.

Pessoas alérgicas ao elastômero não devem usar o produto.

Composição: Elastômero atóxico

Contém: 01 unidade

Cor: Transparente
Embalagem: Blister
Este produto não deve ser usado como preservativo.

","",False,1,0,True,0,10,07,21,15,0,0,0,"","",False,False,"AC016.jpg","","","","","","","","","",0,"",0,"","",0,0,"",0
"IDProduto não encontrado","A","Capas",0,"AC016F","Capa Peniana Extensora",0,2,"Capa peniana extensora 15Cm em silicone - fosforescente","Capa extensora peniana Fosforescente - Ref: AC016F

As Capas penianas, estimulam o canal vaginal durante a penetração.

Feita em elastômero, a Capa Extensora se adapta a qualquer tamanho de pênis ou vibrador personal por ser flexivel e elástica.

Transparente, ela tem ainda na ponta, um volume a mais para dar maior comprimento ao pênis.

Seu corpo com relevo de cerdas ultramacias estimulam todo o canal vaginal durante a relação.

Modo de usar: vista a capa no local desejado e use para estimulação corporal. Higienize antes e após o uso com sabonete antibacteriano e seque com uma toalha de papel.

Precauções: Para evitar lesões ou agravamento de condições pré-existentes, não use em áreas inflamadas, irritadas, inchadas ou com lacerações.

Em caso de irritação suspenda o uso e procure um médico.

Pessoas alérgicas ao elastômero não devem usar o produto.

Composição: Elastômero atóxico

Contém: 01 unidade

Cor: Fosforescente
Embalagem: Blister
Este produto não deve ser usado como preservat","",False,1,0,True,0,10,07,21,15,0,0,0,"","",False,False,"AC016F.jpg","","","","","","","","","",0,"",0,"","",0,0,"",0
"IDProduto não encontrado","A","Capas",0,"AC026B","Capa Peniana Extensora",0,2,"Capa peniana em PVC Côr natural, tamanho 16x4Cm","Capa peniana em PVC Côr natural, tamanho 16x4Cm","",False,1,0,True,0,8,95,18,8,0,0,0,"","",False,False,"AC026B.jpg","","","","","","","","","",0,"",0,"","",0,0,"",0
"IDProduto não encontrado","A","Capas",0,"KT820T","Capa Peniana Extensora",0,5,"Capa extensora transparente","Capa para o pênis texturizada feita em material macio e de grande elasticidade, para uma penetração diferente de tudo o que você já viu ou sentiu essa capa peniana é a opção certa, pode ser cortada para acomodar perfeitamente o pênis.
Não substitui o uso do preservativo.

Material: TPR.

Medida: A capa mede 19 x 3 cm. permitindo aumentar em 7,5 cm seu pênis no comprimento.

Modo de Usar: Fácil de colocar no pênis é perfeito para excitar o clitóris ou ânus.

Recomendações: É recomendado o uso de lubrificantes.

Embalagem: Caixa

Validade: Indeterminada

Precauções: Lave antes e após o uso com àgua e sabão neutro.

Aviso: Para evitar lesões ou um agravamento de patologias existentes, não utilize este produto em zona inflamada, inchada ou a pele com lacerações. O uso deste produto não supõe nenhuma garantia, nenhum direito a reclamação por motivos médicos.","",False,1,0,True,0,12,9,27,09,0,0,0,"","",False,False,"KT820T.jpg","","","","","","","","","",0,"",0,"","",0,0,"",0
"IDProduto não encontrado","A","Capas",0,"KT820AZ","Capa Peniana Extensora",0,5,"Capa extensora azul","Capa para o pênis texturizada feita em material macio e de grande elasticidade, para uma penetração diferente de tudo o que você já viu ou sentiu essa capa peniana é a opção certa, pode ser cortada para acomodar perfeitamente o pênis.
Não substitui o uso do preservativo.

Material: TPR.

Medida: A capa mede 19 x 3 cm. permitindo aumentar em 7,5 cm seu pênis no comprimento.

Modo de Usar: Fácil de colocar no pênis é perfeito para excitar o clitóris ou ânus.

Recomendações: É recomendado o uso de lubrificantes.

Embalagem: Caixa

Validade: Indeterminada

Precauções: Lave antes e após o uso com àgua e sabão neutro.

Aviso: Para evitar lesões ou um agravamento de patologias existentes, não utilize este produto em zona inflamada, inchada ou a pele com lacerações. O uso deste produto não supõe nenhuma garantia, nenhum direito a reclamação por motivos médicos.","",False,1,0,True,0,12,9,27,09,0,0,0,"","",False,False,"KT820AZ.jpg","","","","","","","","","",0,"",0,"","",0,0,"",0
"IDProduto não encontrado","A","Capas",0,"KT805","Capa Peniana Extensora",0,5,"Capa extender 16mm","apa com corpo texturizado por pontos estimuladores. Anatômica e com parte da ponta maciça. Base grossa que faz o papel de anel retardador. Feita em TPR transparente. Por ser bastante elástica se adapta em vários tamanhos.
Não substitui o uso do preservativo.

Material: TPR.

Medida: 16 cm de comprimento por 4 cm de diâmetro

Modo de Usar: Fácil de colocar no pênis é perfeito para excitar o clitóris ou ânus.

Recomendações: É recomendado o uso de lubrificantes.

Embalagem: Caixa

Validade: Indeterminada

Precauções: Lave antes e após o uso com àgua e sabão neutro.

Aviso: Para evitar lesões ou um agravamento de patologias existentes, não utilize este produto em zona inflamada, inchada ou a pele com lacerações. O uso deste produto não supõe nenhuma garantia, nenhum direito a reclamação por motivos médicos.","",False,1,0,True,0,6,95,14,6,0,0,0,"","",False,False,"KT805.jpg","","","","","","","","","",0,"",0,"","",0,0,"",0
"IDProduto não encontrado","A","Bombas",0,"AC095","Ducha Intima",0,2,"Ducha Íntima (Ginecológica).","Ducha Íntima Ginecológica

Utilizada na higiênce pessoal do corpo feminino ou masculino.

Modo de usar
Aspira-se lentamente a solução a ser empregada com a ponta da ducha.
Feita a introdução do líquido no corpo, deve-se conservar comprimido o balão durante a retirada para evitar que a solução retorne ao aparelho, repetir a operação até que a água saia limpa.

Higienização do aparelho:
A Ducha Ginecológica deve ser limpa antes e após cada aplicação, inclusive antes da primeira vez que o produto for usado. Mergulhar todo o conjunto em água quente (em torno de 90º) durante 5 minutos.  Aspirar a água com a ponta da ducha duas ou três vezes. Deixar secar naturalmente e armazenar ao abrigo de umidade, calor e luz solar.


Material: Bulbo (PVC ATOXICO), Nanula Plastico PP.
Cor: Rosa
Embalagem: Blister PP / Caixa","",False,1,0,True,0,22,29,46,81,0,0,0,"","",False,False,"AC095.jpg","","","","","","","","","",0,"",0,"","",0,0,"",0
"IDProduto não encontrado","A","Bombas",0,"LB001","Bomba Peniana Pumper Man",0,2,"Pumper Man aparelho manual, estimula a ereção e exercita a musculatura","Desenvolvedor Pumper Man - Ref: LB001

É usado para aumentar o tamanho e a espessura do pênis. Auxilia a combater a impotência temporária e evitar a ejaculação precoce.

Modo de usar
Introduza o pênis flácido dentro do tubo, de preferência com preservativo lubrificado. Controlar através da bomba manual os movimentos de entrada e saída de ar do tubo. 
O Tubo possui uma régua onde mostra os centrimetros, assim você podera acompanhar de forma visivel o avanço dos exercícios.

O tratamento com os desenvolvedores sexuais não é recomendado para pessoas que possuam doenças do sangue (Leucemia) ou que tenham lesões no pênis.

Importante: Não existe nenhuma comprovação científica que a utilização do Desenvolvedor peniano traz resultados concretos.

Antes de utilizar esse ou qualquer outro produto para desenvolvimento peniano procure um médico.

Conteúdo: Cilindro, seringa (PS) e Mangueira (PVC), anel (Elastômero)
Material: Acrílico
Cor: Transparente
Dimensões Internas: Aprox. 24x6 cm.","",False,1,0,True,0,24,53,51,51,0,0,0,"","",False,False,"LB001.jpg","","","","","","","","","",0,"",0,"","",0,0,"",0
"IDProduto não encontrado","A","Bombas",0,"LB002","Bomba Peniana Pumper Man",0,2,"Pumper Man aparelho elétrico 110V, estimula a ereção e exercita a musculatura","Desenvolvedor Pumper Man Elétrico - 110V - Ref: LB002

É usado para aumentar o tamanho e a espessura do pênis. Auxilia a combater a impotência temporária e evitar a ejaculação precoce.

Modo de usar
Introduza o pênis flácido dentro do tubo, de preferência com preservativo lubrificado. Controlar através da bomba manual os movimentos de entrada e saída de ar do tubo. 
O Tubo possui uma régua onde mostra os centrimetros, assim você podera acompanhar de forma visivel o avanço dos exercícios.

O tratamento com os desenvolvedores sexuais não é recomendado para pessoas que possuam doenças do sangue (Leucemia) ou que tenham lesões no pênis.

Importante: Não existe nenhuma comprovação científica que a utilização do Desenvolvedor peniano traz resultados concretos.

Antes de utilizar esse ou qualquer outro produto para desenvolvimento peniano procure um médico.

Conteúdo: Cilindro, seringa (PS) e Mangueira (PVC), anel (Elastômero)
Material: Acrílico
Cor: Transparente
Dimensões Internas: Aprox. 24x6 cm.","",False,0,0,True,0,77,62,163,0,0,0,"","",False,False,"LB002.jpg","","","","","","","","","",0,"",0,"","",0,0,"",0
"IDProduto não encontrado","A","Bombas",0,"LB003","Bomba Peniana Pumper Man",0,2,"Pumper Man aparelho elétrico 220V, estimula a ereção e exercita a musculatura","Desenvolvedor Pumper Man Elétrico - 220V - Ref: LB002

É usado para aumentar o tamanho e a espessura do pênis. Auxilia a combater a impotência temporária e evitar a ejaculação precoce.

Modo de usar
Introduza o pênis flácido dentro do tubo, de preferência com preservativo lubrificado. Controlar através da bomba manual os movimentos de entrada e saída de ar do tubo. 
O Tubo possui uma régua onde mostra os centrimetros, assim você podera acompanhar de forma visivel o avanço dos exercícios.

O tratamento com os desenvolvedores sexuais não é recomendado para pessoas que possuam doenças do sangue (Leucemia) ou que tenham lesões no pênis.

Importante: Não existe nenhuma comprovação científica que a utilização do Desenvolvedor peniano traz resultados concretos.

Antes de utilizar esse ou qualquer outro produto para desenvolvimento peniano procure um médico.

Conteúdo: Cilindro, seringa (PS) e Mangueira (PVC), anel (Elastômero)
Material: Acrílico
Cor: Transparente
Dimensões Internas: Aprox. 24x6 cm.","",False,0,0,True,0,77,62,163,0,0,0,"","",False,False,"LB003.jpg","","","","","","","","","",0,"",0,"","",0,0,"",0
"IDProduto não encontrado","A","Bombas",0,"LB004","Bomba Peniana Pumper Man",0,2,"Pumper Man aparelho manual Pêra, estimula a ereção e exercita a musculatura","Desenvolvedor Pumper Man Mr. Big  - Ref: LB004

É usado para aumentar o tamanho e a espessura do pênis. Auxilia a combater a impotência temporária e evitar a ejaculação precoce.

Modo de usar
Introduza o pênis flácido dentro do tubo, de preferência com preservativo lubrificado. Controlar através da bomba manual os movimentos de entrada e saída de ar do tubo. 
O Tubo possui uma régua onde mostra os centrimetros, assim você podera acompanhar de forma visivel o avanço dos exercícios.

O tratamento com os desenvolvedores sexuais não é recomendado para pessoas que possuam doenças do sangue (Leucemia) ou que tenham lesões no pênis.

Importante: Não existe nenhuma comprovação científica que a utilização do Desenvolvedor peniano traz resultados concretos.

Antes de utilizar esse ou qualquer outro produto para desenvolvimento peniano procure um médico.

Conteúdo: Cilindro, seringa (PS) e Mangueira (PVC), anel (Elastômero)
Material: Acrílico
Cor: Transparente
Dimensões Internas: Aprox. 24x6 cm.","",False,2,0,True,0,24,53,51,51,0,0,0,"","",False,False,"LB004.jpg","","","","","","","","","",0,"",0,"","",0,0,"",0
"IDProduto não encontrado","A","Bombas",0,"AC017","Seringa",0,2,"Seringa para bomba manual","Seringa avulsa para desenvolvedor peniano manual - Branca - Ref: AC017

Modo de usar: Encaixar o bico da SERINGA na magueira que acompanha o cilindro (bomba).

Cor: Branca
Composição: PVC
Tamanho: 22cm","",False,0,0,True,0,10,02,21,04,0,0,0,"","",False,False,"AC017.jpg","","","","","","","","","",0,"",0,"","",0,0,"",0
"IDProduto não encontrado","A","Bombas",0,"AC025","Cilindro para Bomba",0,2,"Cilindro para bomba em acrílico","Cilindro para bomba em acrílico","",False,0,0,True,0,10,02,21,04,0,0,0,"","",False,False,"AC025.jpg","","","","","","","","","",0,"",0,"","",0,0,"",0
"IDProduto não encontrado","A","Bombas",0,"AC037","Anel Para Bomba",0,2,"Anel em silicone para bomba","Anel para Bomba Peniana - ref: AC037

O Anel para bomba de sucção é super elástico e oferece fácil substituição. Com o uso constante das bombas penianas é necessário efetuar a substituição. Basta remover o anel usado e substitui-lo pelo novo.

O Anel serve para desenvolvedor manual, elétrico 110V e elétrico 220V

Origem: Nacional
Cor: Fumê
Material: Elastômero
Embalagem: Caixa
Validade: Indeterminada
Mede aproximadamente: 7cm
","",False,1,0,True,0,5,49,11,53,0,0,0,"","",False,False,"AC037.jpg","","","","","","","","","",0,"",0,"","",0,0,"",0
"IDProduto não encontrado","A","Bombas",0,"AC107","Pêra para Bomba",0,2,"Pêra para bomba manual na Côr preta com válvulas para sucção a vácuo","êra para Bomba Manual - Preta - Ref: AC107

Pêra avulsa para desenvolvedor peniano manual. Produto com simples manuseio e fácil substituição. Super resistente, possui duas válvulas em suas extremidades para retirada de ar realizando a função de uma bomba de vácuo. Item vendido como acessório de reposição.


Modo de usar: Encaixar o bico da Pêra na magueira que acompanha o cilindro (bomba).

Cor: Preta
Composição: PVC
Tamanho: 10cm
Embalagem: Caixa
Produto 100% Nacional
Valildade: Indeterminada

Fabricado em material super resistente possui 2 valvulas sua extremidades que juntas tem a função de retirar todo o ar de um recipiente fazendo a função de uma bomba de vácuo.","",False,1,0,True,0,8,85,18,59,0,0,0,"","",False,False,"AC107.jpg","","","","","","","","","",0,"",0,"","",0,0,"",0
"IDProduto não encontrado","A","Bombas",0,"AC108","Cilindro para Bomba",0,2,"Cilindro para bomba em acrílico fumê","Cilindro para bomba em acrílico Fumê
Cilindro em acrílico para bomba peniana pode ser utilizado com sucção manual ou a motor elétrico.

O Cilindro possui uma régua onde mostra os centrimetros, assim você podera acompanhar de forma visivel o avanço dos exercícios.

Importante: Não existe nenhuma comprovação científica que a utilização do Desenvolvedor peniano traz resultados concretos, a sua utilização até é indicada por alguns terapeutas como terapia, a ANVISA não reconhece e nem registra o Desenvolvedor peniano como produto de uso médico ou terapêutico.

Antes de utilizar esse ou qualquer outro produto para desenvolvimento peniano procure um médico.

Conteúdo: Cilindro
Material: Acrílico
Origem: Brasil
Cor: Fumê
Dimensões Internas: Aprox. 19x5,5 cm.
","",False,1,0,True,0,9,52,19,99,0,0,0,"","",False,False,"AC108.jpg","","","","","","","","","",0,"",0,"","",0,0,"",0
"IDProduto não encontrado","A","Bombas",0,"EVA003","Desenvolvedor Peniano Pro Solution Tensor Tech",0,2,"Pro Solution Tensor Tech - Desenvolvedor Peniano","Tensor Tech - Desenvolvedor Peniano

O Pro solution Tensor Tech é um extensor peniano que possibilita aumentar a satisfação com a performance do seu pênis de forma segura, pois ele utiliza a força de tração forma natural! É discreto e leve podendo ser usado sentado, deitado e até andando, bastando evitar movimentos bruscos.

Produto Erótico Vendido sem indicação de uso de saúde.

Contém: 1 aparelho Tensor Tech, bolsa de nylon e manual de instruções.

Composição: ABS, Silicone e Latão","",False,0,0,True,0,89,49,187,93,0,0,0,"","",False,False,"EVA003.jpg","","","","","","","","","",0,"",0,"","",0,0,"",0
